,num,per
A,3258.0,8.864100122432323
C,268.0,0.7291524962590124
D,2076.0,5.6482111277377225
E,2486.0,6.763705618283226
F,1393.0,3.7899605495850905
G,2621.0,7.1310025846823555
H,689.0,1.8745748877703714
I,2239.0,6.091688205686301
K,3286.0,8.94028023398177
L,2962.0,8.05876751462386
M,698.0,1.8990613521969801
N,1530.0,4.162698952523466
P,1509.0,4.105563868861379
Q,1293.0,3.5178887226227724
R,1831.0,4.9816351516800434
S,2233.0,6.075363896068562
T,2089.0,5.683580465242824
V,2962.0,8.05876751462386
W,297.0,0.8080533260780846
Y,1035.0,2.8159434090599915
