,pro,num,per
A,6.557377049,153404,5.517992539
C,3.278688525,35212,1.266587268
D,3.278688525,163240,5.871796707
E,3.278688525,183716,6.608325189
F,3.278688525,124065,4.46265902
G,6.557377049,139298,5.010595061
H,3.278688525,59138,2.127213389
I,4.918032787,181783,6.538794541
K,3.278688525,204720,7.363846005
L,9.836065574,265660,9.55587793
M,1.639344262,57679,2.074732677
N,3.278688525,170183,6.12153871
P,6.557377049,119941,4.314317378
Q,3.278688525,109519,3.939434597
R,9.836065574,123539,4.443738627
S,9.836065574,249257,8.965856603
T,6.557377049,162312,5.838416241
V,6.557377049,155618,5.59763085
W,1.639344262,29005,1.043319428
Y,3.278688525,92780,3.337327239
